date,item,source
2023-10-12,60 Inch Grogu with Bat Star Wars for Halloween by Airblown Inflatables,Wallmart2023.csv
2023-07-13,"90% Lean / 10% Fat Ground Beef Sirloin, 1 lb Tray, Fresh, All Natural*",Wallmart2023.csv
2023-06-08,"Adventure Force Bite Buggy Motorized Vehicle, Gator",Wallmart2023.csv
2023-07-27,"Air Wick Plug In Scented Oil Refill Lavender & Chamomile Air Freshener, 2 Count",Wallmart2023.csv
2023-03-09,"ARM & HAMMER Naturals Clumping Cat Litter With Corn Fibers, Odor Control, Fresh Scent, 9 lbs",Wallmart2023.csv
2023-01-13,Avia Women's Micro Fleece Joggers,Wallmart2023.csv
2023-03-02,"Baby Yoda Use The Force Kids Throw, 46 x 60, Microfiber, Blue, Star Wars",Wallmart2023.csv
2023-07-13,"Black and White, 2-Ply Paper Towels, White, 88 Sheets",Wallmart2023.csv
2023-03-04,"Blue Bonnet Original Vegetable Oil Spread Sticks, 16 oz (4 Sticks)",Wallmart2023.csv
2023-07-13,"Cinnamon Toast Crunch Breakfast Cereal, Crispy Cinnamon Cereal, Family Size, 18.8 oz",Wallmart2023.csv
2023-03-04,"Cinnamon Toast Crunch Breakfast Cereal, Crispy Cinnamon Cereal, Mega Size, 29.1 oz",Wallmart2023.csv
2023-10-06,"Coca-Cola Zero Sugar Sugar-Free Soda Pop, 12 fl oz Cans, 24 Pack",Wallmart2023.csv
2023-07-13,"Coca-Cola Zero Sugar Sugar-Free Soda Pop, 12 fl oz Cans, 24 Pack",Wallmart2023.csv
2023-06-09,"Coca-Cola Zero Sugar Sugar-Free Soda Pop, 12 fl oz Cans, 24 Pack",Wallmart2023.csv
2023-06-09,"Crush Caffeine Free Orange Soda Pop, 20 fl oz, Bottle",Wallmart2023.csv
2023-01-25,"Diet Dr Pepper Soda Pop, 20 fl oz, Bottle",Wallmart2023.csv
2023-04-07,"Disney Encanto Isabela 3 inch Small Doll, Includes Accessory, for Children Ages 3+",Wallmart2023.csv
2023-03-02,Disney Princess Beauty & the Beast Ballerina Belle Fashion Doll with Posable Arms and Legs,Wallmart2023.csv
2023-06-08,"Disposable Paper Food Boat Tray 96 oz., Red, White & Blue, 2 Ct., Way to Celebrate",Wallmart2023.csv
2023-06-08,"Disposable Paper Food Boat Tray 96 oz., Red, White & Blue, 2 Ct., Way to Celebrate",Wallmart2023.csv
2023-07-08,"Dixie Ultra Disposable Paper Bowls, 20 Ounce, 25 Count",Wallmart2023.csv
2023-07-08,"Dole 100% Juice Blend, Pineapple Orange Banana Flavored, 59 Fl Oz, Carton",Wallmart2023.csv
2023-06-08,"Easy@Home Marijuana Single Panel Drug Test, 12 Pack",Wallmart2023.csv
2023-06-08,"Elmer's Disappearing Purple School Glue Sticks, Washable, 0.21 Ounce Glue Sticks, 6 Count",Wallmart2023.csv
2023-10-12,"Equate Arthritis Pain Reliever Gel 1% Diclofenac Sodium, 3.53 oz, Compare to Voltaren Arthritis Pain Active Ingredient",Wallmart2023.csv
2023-07-08,"Equate No Drip Severe Congestion Nasal Mist Oxymetazoline HCl 0.05% Decongestant, 12 Hour Relief, 1 fl oz, Compare to Afrin",Wallmart2023.csv
2023-10-12,"Fingerlings Interactive Baby Monkey Charli, 70+ Sounds & Reactions, Heart Lights Up, Fuzzy Faux Fur, Reacts to Touch (Ages 5+)",Wallmart2023.csv
2023-07-08,"Flex Seal Aerosol Liquid Rubber Sealant Coating, 14 oz, Gray",Wallmart2023.csv
2023-04-07,"Frankford SpongeBob SquarePants Krabby Patties Easter Original Gummy Candy Box, 2.19oz",Wallmart2023.csv
2023-07-08,"Fresh Celery Stalk, Each",Wallmart2023.csv
2023-07-13,"Fresh Cucumber, Each",Wallmart2023.csv
2023-07-08,"Fresh Red Cherries, 2.25 lb Bag",Wallmart2023.csv
2023-07-13,"Fresh Slicing Tomato, Each",Wallmart2023.csv
2023-07-08,"Fresh-Cut Lilies Flower Bunch, 3 Stems, Colors Vary",Wallmart2023.csv
2023-07-06,"Hot & Ready-to-Eat Chicken Egg Roll, 2.82 oz",Wallmart2023.csv
2023-07-06,"Hot & Ready-to-Eat Fresh Corn, 4 oz",Wallmart2023.csv
2023-07-06,"Hot & Ready-to-Eat Fried Chicken Leg, 1 Count",Wallmart2023.csv
2023-01-13,"Gas-X Extra Strength Chewable Gas Relief Tablets With Simethicone 125 Mg, Cherry - 18 Count",Wallmart2023.csv
2023-01-13,George Men`s Long Sleeve Crewneck Tee,Wallmart2023.csv
2023-06-09,"George Men's & Big Men's 9"" Eboard Shorts",Wallmart2023.csv
2023-07-08,"Goodnites Girls Nighttime Bedwetting Underwear, S/M (43-68 lbs), 14 Count (Select for More)",Wallmart2023.csv
2023-07-08,"Aluminum Foil, 25 sq ft",Wallmart2023.csv
2023-07-08,"Bone-in Ham Steak, 1 Pack, Hardwood Smoked",Wallmart2023.csv
2023-07-13,"Buttermilk Pancakes, 16.5 oz, 12 Count (Frozen)",Wallmart2023.csv
2023-07-06,"Cheese Dip & Breadsticks Snacks, 1 oz, 5 Count",Wallmart2023.csv
2023-03-04,"Chive & Onion Cream Cheese Spread, 8 oz Tub",Wallmart2023.csv
2023-07-27,"Disinfecting Wipes, Fresh Scent, 75 Count",Wallmart2023.csv
2023-06-09,"Disposable Plastic Coffee Stirrers, Black, 250 Count",Wallmart2023.csv
2023-03-09,"Disposable Plastic Cups, Clear, 2 oz, 50 Count",Wallmart2023.csv
2023-03-09,"Disposable Plastic Cups, Clear, 2 oz, 50 Count",Wallmart2023.csv
2023-03-09,"Disposable Plastic Cups, Clear, 2 oz, 50 Count",Wallmart2023.csv
2023-03-09,"Disposable Plastic Cups, Clear, 2 oz, 50 Count",Wallmart2023.csv
2023-07-08,"Everyday Soft Facial Tissues, 1 Cube Carton, 80 Tissues per Cube, 2-Ply",Wallmart2023.csv
2023-10-06,"Everyday Strong Paper Towels, Split Sheets, 2 Double Rolls, Compare to Sparkle",Wallmart2023.csv
2023-07-13,"Extra Butter Flavored Microwave Popcorn, 2.55 oz, 3 Count",Wallmart2023.csv
2023-07-06,"Fresh Seal Double Zipper Sandwich Bags, 100 Count",Wallmart2023.csv
2023-07-13,"Fresh Seal Double Zipper Storage Bags, Gallon, 20 Count",Wallmart2023.csv
2023-07-08,"Fresh Seal Double Zipper Storage Bags, Gallon, 20 Count",Wallmart2023.csv
2023-07-08,"Fresh Seal Quart Storage Double Zipper Bags, 25 Count",Wallmart2023.csv
2023-07-27,"Lemon Scent Disinfecting Wipes, 75 Count, 1 Lbs, 5.5 oz",Wallmart2023.csv
2023-07-08,"Low-Splash Bleach, 81 fl oz",Wallmart2023.csv
2023-07-13,"Milk, Fat Free, Unflavored, Half Gallon, 64 oz Jug",Wallmart2023.csv
2023-03-04,"Milk, Fat Free, Unflavored, Half Gallon, 64 oz Jug",Wallmart2023.csv
2023-07-08,"Paper Plate, 8.5"", White, 50 Count",Wallmart2023.csv
2023-07-08,"Paper Plate, 8.5"", White, 50 Count",Wallmart2023.csv
2023-07-08,"Purified Drinking Water, 16.9 fl oz, 24 Count",Wallmart2023.csv
2023-07-08,"Purified Drinking Water, 16.9 fl oz, 24 Count",Wallmart2023.csv
2023-03-04,"Purified Drinking Water, 16.9 Fl. Oz., 40 Count",Wallmart2023.csv
2023-07-13,"Soothing Lotion Facial Tissues, 1 Cube Carton, 75 Tissues per Cube",Wallmart2023.csv
2023-07-13,"Soothing Lotion Facial Tissues, 1 Cube Carton, 75 Tissues per Cube",Wallmart2023.csv
2023-03-09,"Tartar Sauce, 12 fl oz",Wallmart2023.csv
2023-03-09,"Tartar Sauce, 12 fl oz",Wallmart2023.csv
2023-03-09,"Tartar Sauce, 12 fl oz",Wallmart2023.csv
2023-03-09,"Tartar Sauce, 12 fl oz",Wallmart2023.csv
2023-03-09,"Tartar Sauce, 12 fl oz",Wallmart2023.csv
2023-03-09,"Tartar Sauce, 12 fl oz",Wallmart2023.csv
2023-03-09,"Tartar Sauce, 12 fl oz",Wallmart2023.csv
2023-03-09,"Tartar Sauce, 12 fl oz",Wallmart2023.csv
2023-03-09,"Tartar Sauce, 12 fl oz",Wallmart2023.csv
2023-03-09,"Tartar Sauce, 12 fl oz",Wallmart2023.csv
2023-06-09,Hallmark Birthday Greeting Card,Wallmart2023.csv
2023-10-12,"Halloween Purple and Black Web Plastic Table Cover, Partyware Tablecloth, 84 L x 54 W,, by Way To Celebrate",Wallmart2023.csv
2023-07-08,"Hanes Womens Underwear 6-Pack, Super Stretch Panties, Comfort Flex Fit Underwear for Women",Wallmart2023.csv
2023-07-06,"Hershey's Milk Chocolate Candy, Bar 1.55 oz",Wallmart2023.csv
2023-03-01,"Hershey's Milk Chocolate Candy, Bar 1.55 oz",Wallmart2023.csv
2023-07-13,"Hillshire Farm Ultra Thin Honey Ham Lunchmeat, 9 oz Plastic Tub, Refrigerated",Wallmart2023.csv
2023-03-04,"Jimmy Dean Cinnamon French Toast & Sausage on a Stick, 30 oz, 12 Ct (Frozen)",Wallmart2023.csv
2023-03-04,"Jimmy Dean Original Pancakes & Sausage on a Stick, 30 oz, 12 Count (Frozen)",Wallmart2023.csv
2023-07-13,"Johnson's Baby Bedtime Cream, No Added Parabens, 8 oz",Wallmart2023.csv
2023-06-09,"Kaytee Forti-Diet All Natural Timothy Hay , 24 ounce",Wallmart2023.csv
2023-07-13,"Keebler Sweet Treat Variety Pack, 12-Count Box, Includes Chips Deluxe, Funables, Fudge Stripes, and Mother's Circus Animal Cookies, 11.4 oz",Wallmart2023.csv
2023-06-09,"Kellogg's Variety Pack Sweet and Salty, Lunch Snacks, 20 Count",Wallmart2023.csv
2023-03-09,"Kinder Bueno Milk Chocolate & Hazelnut Cream Candy Bar, 4 Individually Wrapped 0.75 oz Bars Per Pack, Perfect for Easter Gifting",Wallmart2023.csv
2023-06-09,"Kinder Bueno Milk Chocolate and Hazelnut Cream, 2 Individually Wrapped Chocolate Bars, 1.5 oz",Wallmart2023.csv
2023-06-09,"Kitty Diggin's Fragrance-Free Cat Litter, 7 lbs",Wallmart2023.csv
2023-03-01,"Kitty Diggin's Fragrance-Free Cat Litter, 7 lbs",Wallmart2023.csv
2023-03-01,"Kitty Diggin's Fragrance-Free Cat Litter, 7 lbs",Wallmart2023.csv
2023-06-09,"Kool-Aid Jammers Tropical Punch Zero Sugar Kids Drink Juice Box Pouches, 10 Ct Box, 6 fl oz Pouches, Liquids",Wallmart2023.csv
2023-10-09,Lee Women's Regular Fit Comfort Waist Straight Woven Pant,Wallmart2023.csv
2023-03-04,"Lender's Original Plain Bagels, 6 count, Pre-sliced Refrigerated Bagels, 17.1 oz Bag",Wallmart2023.csv
2023-10-06,"Lipton Iced Tea And Lemonade Half & Half, 16.9 fl oz, 12 Count",Wallmart2023.csv
2023-03-04,"Little Debbie Glazed Mini Donuts, 10.5 oz",Wallmart2023.csv
2023-03-01,"Little Debbie Single Serve Iced Honey Buns, 4 oz",Wallmart2023.csv
2023-03-04,"Lucky Charms Gluten Free Cereal with Marshmallows, Kids Cereal, Family Size, 18.6 oz",Wallmart2023.csv
2023-07-13,"Lucky Charms Minis Cereal with Marshmallows, Kids Breakfast Cereal, Family Size, 18.6 oz",Wallmart2023.csv
2023-03-09,"M&M's Peanut Butter Milk Chocolate Candy, Share Size - 2.83 oz Bag",Wallmart2023.csv
2023-07-06,"Marketside Ultimate Meat Traditional Crust Pizza, Marinara Sauce, Medium, 12 in, 32.1 oz (Fresh)",Wallmart2023.csv
2023-07-08,"Milo's Famous Sweet Iced Tea, 100% Natural, 128 fl oz",Wallmart2023.csv
2023-07-06,Mini Brands Disney Store Series 2 Capsule Novelty and Gag Toy by ZURU,Wallmart2023.csv
2023-06-09,"Multicolor Dinosaur Roarsome Birthday Paper Gift Bag, 10"" x 12"", by Way To Celebrate",Wallmart2023.csv
2023-04-07,"Multi-Color Easter Confetti Eggs, 12 Count, by Way to Celebrate",Wallmart2023.csv
2023-04-07,"My Life As Fashion Assortment for 18-inch Doll, Child (Doll Not Included)",Wallmart2023.csv
2023-07-06,"Nabisco Sweet Treats Cookie Variety Pack OREO, OREO Golden & CHIPS AHOY!, 30 Snack Packs",Wallmart2023.csv
2023-03-04,"Nabisco Variety Pack, Barnum's Animal Crackers, Teddy Grahams & CHIPS AHOY! Cookies, 20 Snack Packs",Wallmart2023.csv
2023-02-17,"Ninjamas Girls Bedwetting Nighttime Underwear, Size S/M (38-70 lbs), 44 Count (Select for More Options)",Wallmart2023.csv
2023-01-13,"Ninjamas Girls Bedwetting Nighttime Underwear, Size S/M (38-70 lbs), 44 Count (Select for More Options)",Wallmart2023.csv
2023-07-13,"Nutter Butter Peanut Butter Sandwich Cookies, 12 Packs (4 Cookies Per Pack)",Wallmart2023.csv
2023-07-08,"Ocean Spray Diet Cran-Pineapple Cranberry Pineapple Juice Drink, 64 fl oz Bottle",Wallmart2023.csv
2023-07-27,onn 32GB Class 10 U1 SDHC Flash Memory Card,Wallmart2023.csv
2023-07-27,onn 32GB Class 10 U1 SDHC Flash Memory Card,Wallmart2023.csv
2023-07-27,onn 32GB Class 10 U1 SDHC Flash Memory Card,Wallmart2023.csv
2023-03-17,"onn Fixed TV Wall Mount for 32"" to 86"" TVs, holds up to 120 lbs",Wallmart2023.csv
2023-07-27,"onn On-Ear Headphones, Pink",Wallmart2023.csv
2023-07-13,"OREO Chocolate Sandwich Cookies, 13.29 oz",Wallmart2023.csv
2023-11-19,"Ozark Trail Queen Air Mattress, Air Bed with Pump, 14 Inch Inflatable Air Mattress, Blow Up Bed",Wallmart2023.csv
2023-04-07,"PAAS Easter Egg Decorating and Dye Kit, Unicorn Color Whip, 1 Kit",Wallmart2023.csv
2023-07-27,"Parent's Choice Fragrance Free Baby Wipes, 80 Count (Select for More Options)",Wallmart2023.csv
2023-01-13,Parent's Choice Fresh Scent Baby Wipes (Choose Your Count),Wallmart2023.csv
2023-04-07,PEEPS Chicks Cello Bag Kit,Wallmart2023.csv
2023-03-04,"Philadelphia No Bake Original Cheesecake Filling, 24.3 oz Tub",Wallmart2023.csv
2023-06-08,"Play Day Bubble Blower Fan, Blue, Battery Operated Bubble Maker",Wallmart2023.csv
2023-03-02,"Play Day Bubble Blower Fan, Blue, Battery Operated Bubble Maker",Wallmart2023.csv
2023-06-08,"Play Day Sidewalk Chalk, 20 Pieces, Assorted Colors.",Wallmart2023.csv
2023-03-02,"Push Pop Easter Candy Lollipop with Toy Topper, Assorted Fruit Flavors, 1 Count",Wallmart2023.csv
2023-03-04,"Quaker Instant Oatmeal, Variety, 12.1 oz, 8 Count",Wallmart2023.csv
2023-09-16,Reg Gasoline Unleaded,Wallmart2023.csv
2023-07-13,"Rubbermaid TakeAlongs 2.9 Cup On the Go Square Food Storage Containers, Set of 4, Teal Splash",Wallmart2023.csv
2023-07-13,"Sam's Choice Stuffed Crust Supreme Frozen Pizza, 33.2 oz",Wallmart2023.csv
2023-06-09,"Sam's Purified Drinking Water, 20 fl oz, 28 Count Bottles",Wallmart2023.csv
2023-04-07,"Sensory FX Sticks, Sold Separately, Styles May Vary, Kids Toys for Ages 4 up",Wallmart2023.csv
2023-07-06,"Sharpie Tank-Style Highlighters, Chisel Tip, Assorted, 4 Count",Wallmart2023.csv
2023-07-08,"Sparkling Ice Naturally Flavored Sparkling Water, Black Raspberry 17 fl oz",Wallmart2023.csv
2023-07-13,"Sparkling Ice Naturally Flavored Sparkling Water, Kiwi Strawberry 17 Fl Oz",Wallmart2023.csv
2023-07-08,"Sparkling Ice Naturally Flavored Sparkling Water, Kiwi Strawberry 17 Fl Oz",Wallmart2023.csv
2023-07-08,"Special Kitty Lightweight and Scoopable Clumping Cat Litter, Fresh Scent, 8.5 lb",Wallmart2023.csv
2023-07-27,"Special Kitty Scoopable Tight Clumping Cat Litter, Fresh Scent, 20 lb",Wallmart2023.csv
2023-06-09,"Sprite Lemon Lime Soda Pop, 12 fl oz, 24 Pack Cans",Wallmart2023.csv
2023-04-07,"Squishmallows Easter Mystery Squad 4\"" Capsule One Color Chosen at Random 1 Mystery Plush in Capsule",Wallmart2023.csv
2023-07-08,Squishmallows Official Kellytoy 8 Inch Soft Plush Squishy Toy Animals (Maddie the Crab),Wallmart2023.csv
2023-03-01,Star Wars Mandalorian Baby Yoda Unisex Children's LCD Watch in Green - MNL4124WM,Wallmart2023.csv
2023-06-09,Starburst Zero Sugar Singles-to-Go Powdered Drink Mix All Pink Strawberry 6 Count Packets,Wallmart2023.csv
2023-07-27,Terra & Sky Women's Plus Size V Neck T-Shirt with Short Sleeves,Wallmart2023.csv
2023-07-08,Terra & Sky Women's Plus Size V-Neck Tee with Short Sleeves,Wallmart2023.csv
2023-06-09,"The First Years Disney Mickey Mouse Insulated Sippy Cup, 9 Oz 2 Pack",Wallmart2023.csv
2023-06-09,The First Years Disney Mickey Mouse Toddler Forks and Spoon Set 3 Dishwasher Safe Utensils,Wallmart2023.csv
2023-07-08,Time And Tru Women's Elbow Sleeve T-Shirt,Wallmart2023.csv
2023-07-08,Time And Tru Women's Elbow Sleeve T-Shirt,Wallmart2023.csv
2023-07-06,"Town House FlipSides Original Oven Baked Crackers, Lunch Snacks, 9.2 oz",Wallmart2023.csv
2023-05-27,"Tree Hut Coconut Lime Shea Butter Sugar Body Scrub, 18 oz",Wallmart2023.csv
2023-06-09,"Vibrant Life Heavy Duty Jumbo Drawstring Litter Pan Liners, 5 Count",Wallmart2023.csv
2023-07-27,Vitakraft Menu Premium Guinea Pig Food 4Lb,Wallmart2023.csv
2023-05-27,"Wahl Color Pro Plus Haircut Kit, Power-Drive , Corded - 79752T",Wallmart2023.csv
2023-04-07,"Way To Celebrate Easter Fidge Notebook, Marble Rainbow",Wallmart2023.csv
2023-04-07,"Way To Celebrate Easter Pastel Mix Plastic Easter Grass, 3 oz",Wallmart2023.csv
2023-04-07,"Way To Celebrate Easter Pastel Mix Plastic Easter Grass, 3 oz",Wallmart2023.csv
2023-03-09,Way to Celebrate Women's Lucky Mama Graphic T-Shirt,Wallmart2023.csv
2023-10-12,Well All Over Glitter Silver,Wallmart2023.csv
2023-10-09,What Do You Meme? Greeting Cards - Congratulations Card (Sheep),Wallmart2023.csv
2023-06-09,"Wild Harvest Daily Blend for Cockatiels, Hookbills and Lovebirds, 2 lb",Wallmart2023.csv
2023-03-01,"Wonder Nation ""Unicorn"" Childrens LCD Watch with Flashlight in Purple (WN4272WM)",Wallmart2023.csv
2023-01-25,"Wonderful Pistachios, Roasted and Salted In-Shell Nuts, 5oz Bag",Wallmart2023.csv
2024-01-27,"8CT 9"" FOIL DAISY",WallMart2024.csv
2024-09-23,"90% Lean / 10% Fat Ground Beef Sirloin, 1 lb Tray, Fresh, All Natural*",WallMart2024.csv
2024-12-19,Airplus Fall Spa Aloe Llama Crew Sock Medium,WallMart2024.csv
2024-12-17,"American Greetings 10.38 in. Christmas Lunch Bag, Chevron Striped (1-Count)",WallMart2024.csv
2024-12-17,"American Greetings 10.38 in. Christmas Lunch Bag, Chevron Striped (1-Count)",WallMart2024.csv
2024-12-17,"American Greetings 10.38 in. Christmas Lunch Bag, Chevron Striped (1-Count)",WallMart2024.csv
2024-12-17,"American Greetings 10.38 in. Christmas Lunch Bag, Chevron Striped (1-Count)",WallMart2024.csv
2024-12-17,"American Greetings 10.38 in. Christmas Lunch Bag, Chevron Striped (1-Count)",WallMart2024.csv
2024-12-17,"American Greetings 10.38 in. Christmas Lunch Bag, Chevron Striped (1-Count)",WallMart2024.csv
2024-06-20,"BIC Soleil Women's 3-Blade Disposable Razors, 4 Count, with Soothing Moisture Strip",WallMart2024.csv
2024-05-24,"Bluescape Blue 10 ft Family Inflatable Swimming Pool, Round, Age 6 & up, Unisex",WallMart2024.csv
2024-12-17,"Bodycology Hawaiian Beach Fizzy Bath Set, 4 Pieces",WallMart2024.csv
2024-12-12,"Bodycology Winter Plum Shea Sugar Scrub, 5.29 oz",WallMart2024.csv
2024-11-21,"Bruce's Canned Yams Cut Sweet Potatoes in Splenda, 40 oz",WallMart2024.csv
2024-02-14,"Cheez-It, Pringles & Rice Krispies Variety Pack Lunch Snacks, 30.1 oz, 30 Count",WallMart2024.csv
2024-05-24,"Cirkul FitSip Blackberry Burst Flavor Cartridge, Drink Mix, 1-Pack",WallMart2024.csv
2024-02-16,"Coca-Cola Soda Pop, 20 fl oz Bottle",WallMart2024.csv
2024-08-06,"Coca-Cola Zero Sugar Soda Pop, 20 fl oz Bottle",WallMart2024.csv
2024-02-16,"CRUNCH Candy Bar, Creamy Milk Chocolate with Crunchy Crisped Rice, 4 Piece Share Pack, 2.7 oz",WallMart2024.csv
2024-01-27,"Dallies Ombre Tie Dye Birthday Candles, 12ct",WallMart2024.csv
2024-12-12,"Dial Spring Water Body Wash, Refresh & Renew, Gentle on All Skin Types, 3 fl oz",WallMart2024.csv
2024-10-17,"Discovery Crystal Aquarium, Grow Your Own Crystal Model Science Kit",WallMart2024.csv
2024-07-30,"Disney Lilo and Stitch Girl's 17"" Backpack - Blue",WallMart2024.csv
2024-06-20,"DUDE Wipes Flushable Wipes, XL Wet Wipes for At Home Use, Unscented, 48 Count, 2 Pack",WallMart2024.csv
2024-03-30,"Dudley's Stitch Jumbo Plastic Easter Egg Filled with Stickers and Temporary Tattoos, Egg Hunt",WallMart2024.csv
2024-02-14,"Dunkaroos Chocolate Cookies and Double Chocolate Frosting, 1 oz, 10 ct",WallMart2024.csv
2024-12-19,"Dunkaroos Whipped Soap, Vanilla Scent, 2.82 oz",WallMart2024.csv
2024-03-30,"Easter Pink Paper Easter Grass, 2.25 oz, by Way To Celebrate",WallMart2024.csv
2024-01-27,"Eos Lip Balm Set- Island Coconut & Vanilla Frappe, 0.14 oz, Pack of 2",WallMart2024.csv
2024-02-17,"Equate Beauty Charcoal Pore Strips for Nose and Face, 14 Count",WallMart2024.csv
2024-04-29,"Equate Easy Grip Pill Crusher, Colors May Vary",WallMart2024.csv
2024-12-12,"Equate Elastics, Assorted Colors, for Ponytail, Braids, or Buns (72 Count)",WallMart2024.csv
2024-06-20,"Equate Jock Itch Relief Powder Spray Miconazole Nitrate 2% Antifungal, 4.6 oz, Compare to Lotrimin AF Active Ingredient",WallMart2024.csv
2024-12-17,"Equate Nighttime Cold & Flu Liquid Medicine, Cough & Cold Medicine, Cherry, 12 fl oz",WallMart2024.csv
2024-06-20,"Equate Sport Sunscreen Spray, SPF 30, 11 oz, 2 Count",WallMart2024.csv
2024-08-06,"Fanta Orange Soda Pop, 20 fl oz Bottle",WallMart2024.csv
2024-12-22,"Frankford Hot Chocolate Color Bomb, Milk Chocolate, Green 1.23oz",WallMart2024.csv
2024-12-22,"Frankford Hot Chocolate Color Bomb, Milk Chocolate, Green 1.23oz",WallMart2024.csv
2024-12-22,"Frankford Hot Chocolate Color Bomb, Milk Chocolate, Green 1.23oz",WallMart2024.csv
2024-12-12,"Frankford SpongeBob SquarePants Krabby Patties Original Flavor Gummy Candy Tube, Christmas, 1.6 oz",WallMart2024.csv
2024-04-29,"Fresh Broccoli Crowns, Each",WallMart2024.csv
2024-01-27,"Fresh-Cut Mixed Carnations Flower Bunch, Minimum 8 Stems, Colors Vary",WallMart2024.csv
2024-01-27,"1/4 Sheet White Cake with Buttercream Frosting, 55 oz",WallMart2024.csv
2024-09-23,"New York Style & Chocolate Marble Cheesecake, 6 oz, 2 Slices",WallMart2024.csv
2024-09-23,"Seasonal Fruit Tray, 40 oz",WallMart2024.csv
2024-12-17,"Triple Chocolate Cake, Made with Hershey's, Chocolate Icing, Serves 12, 35oz (Refrigerated Dessert)",WallMart2024.csv
2024-01-27,"Fruity King Mini Soda, Fruit Punch Flavor, 5.75 Fl Oz",WallMart2024.csv
2024-01-27,"Fruity King Mini Soda, Orange, 5.75 Fl Oz",WallMart2024.csv
2024-01-27,"Fruity King Mini Soda, Pineapple, 5.75 Fl Oz",WallMart2024.csv
2024-04-29,"Glico Pocky Chocolate Covered Biscuit Sticks, 1.41 oz.",WallMart2024.csv
2024-12-12,"Goody Ouchless Satin Scrunchies, For All Hair Types, Neutral Assortment, 5 Ct",WallMart2024.csv
2024-09-23,"All Natural Sour Cream, 8 oz",WallMart2024.csv
2024-11-21,"Fat-Free Milk Gallon, Plastic, Jug, 128 fl oz",WallMart2024.csv
2024-02-14,"Fat-Free Milk Gallon, Plastic, Jug, 128 fl oz",WallMart2024.csv
2024-06-20,"Freezer Guard Double Zipper Freezer Bags, Gallon, 40 Count",WallMart2024.csv
2024-06-20,"Fresh Seal Double Zipper Storage Bags, Gallon, 20 Count",WallMart2024.csv
2024-09-23,"Garden Vegetable Cream Cheese Spread, 8 oz Tub",WallMart2024.csv
2024-12-22,"Heavy Duty Aluminum Foil, 50 Sq ft",WallMart2024.csv
2024-04-29,"Large White Eggs, 12 Count",WallMart2024.csv
2024-09-23,"Sharp Cheddar Finely Shredded Cheese, 8 oz Bag",WallMart2024.csv
2024-09-23,"Sliced Black Olives, 2.25 oz",WallMart2024.csv
2024-12-19,Hallmark Assorted Multicolored 5-Pack Christmas 11.42 In. Gift Box Bundle (Merry Fun),WallMart2024.csv
2024-06-20,Hanes Comfort Fit Scrubs Women's Scrub Joggers New Ebony M,WallMart2024.csv
2024-12-12,"Herbal Essences Rose Hips Smooth Conditioner, Travel Size, 3.38 fl oz",WallMart2024.csv
2024-12-12,"Herbal Essences Rose Hips Smooth Shampoo, All Hair Types, 3.38 fl oz Travel Size",WallMart2024.csv
2024-12-12,"Hershey's Kisses Milk Chocolate Christmas Candy, Plastic Cane 2.24 oz",WallMart2024.csv
2024-02-17,"Home Logic 1.8 Bushel Hip Grip Plastic Laundry Basket, Teal, Adult / Tween",WallMart2024.csv
2024-09-23,"Hopscotch Lane My Baby Dolls Plastic Travel Crib, Baby Doll Accessory, Children Ages 2+",WallMart2024.csv
2024-03-30,"HORMEL BLACK LABEL Bacon, Gluten Free, Fully Cooked, Shelf Stable, 2.52 oz Plastic Package",WallMart2024.csv
2024-04-29,"Hunts Garlic & Herb Pasta Sauce, 24 oz. Can",WallMart2024.csv
2024-04-10,"Keebler Fudge Stripes, Original Shortbread Cookies Coated in Keebler Fudge, Family Size 17.3 oz",WallMart2024.csv
2024-04-29,"Keebler Sweet Treat Variety Pack, 12-Count Box, Includes Chips Deluxe, Funables, Fudge Stripes, and Mother's Circus Animal Cookies, 11.4 oz",WallMart2024.csv
2024-03-30,"Kinder Joy Chocolatey Egg & Surprise Toy, Fun Easter Basket & Egg Hunt, 0.7 oz",WallMart2024.csv
2024-12-12,"Kinetic Sand, SquishMotion Playset with 1lb Play Sand, Stamper & 5 Tools",WallMart2024.csv
2024-02-17,"King's Hawaiian Original Hawaiian Sweet Mini Sub Rolls 6 Count, 12 oz, Shelf-Stable",WallMart2024.csv
2024-03-30,"Kit Kat Milk Chocolate Wafer Snack Size Candy, Bars 0.49 oz, 5 Count",WallMart2024.csv
2024-11-21,"Kraft Original Mac N Cheese Dinner, 7.25 oz Box, Shelf-Stable",WallMart2024.csv
2024-04-29,"Little Debbie Blueberry Mini Muffins, 8.44 oz (5 Count)",WallMart2024.csv
2024-02-14,"Little Debbie Powdered Mini Donuts, 10 oz",WallMart2024.csv
2024-12-12,M&M's Minis Milk Chocolate Mega Christmas Tube - 1.77 oz,WallMart2024.csv
2024-09-23,"Marketside Cookies & Cream Flavored Cake Pops, Ready to Eat, 2 Count per Pack",WallMart2024.csv
2024-09-23,"Marketside French Style Cheesecake Mousse, 5.25 oz",WallMart2024.csv
2024-09-23,"Marketside Fresh Asiago Cheese Bagels, Wheat and Barley Flour, Shelf-Stable, 22.8 oz, 6 Count",WallMart2024.csv
2024-12-12,"Monopoly Disney Stitch Edition Board Game, Officially Licensed Disney Game, Holiday Gifts for Kids, Ages 8 and Up (Walmart Exclusive)",WallMart2024.csv
2024-12-19,"Multi-Color Joyful Holidays Reversible Christmas Gift Wrap, 130 sq ft, 3 Count, by Holiday Time",WallMart2024.csv
2024-12-19,"Multi-Color Winter Blush Self-Adhesive Christmas Gift Bows, 40 Count, by Holiday Time",WallMart2024.csv
2024-04-29,"Nongshim Bowl Noodle Spicy Chicken Ramen Noodle Soup Bowl, 3.03oz X 1, Shelf-Stable",WallMart2024.csv
2024-09-23,"Official Pop It! Pets Season 2 Mystery Bag with 5 Pets in Each Bag for Children Ages 3+, by Buffalo Games",WallMart2024.csv
2024-08-06,"OLLY Kids Chillax Gummy Supplement with Magnesium and L-Theanine, 50 Count",WallMart2024.csv
2024-09-23,"OREO Coca-Cola Sandwich Cookies, Limited Edition, 10.68 oz",WallMart2024.csv
2024-09-23,"OREO Coca-Cola Sandwich Cookies, Limited Edition, 10.68 oz",WallMart2024.csv
2024-06-20,"Parent's Choice Fragrance-Free Baby Wipes, 100 Count (Select for More Options)",WallMart2024.csv
2024-01-27,"PetAg Milk Replacer Liquid for Dogs and Puppies, 32 fl oz",WallMart2024.csv
2024-01-27,"PetAg Milk Replacer Liquid for Dogs and Puppies, 32 fl oz",WallMart2024.csv
2024-11-21,"Philadelphia Original Cream Cheese, 8 oz Block",WallMart2024.csv
2024-03-30,"Philadelphia Original Cream Cheese, 8 oz Block",WallMart2024.csv
2024-06-20,"Pine-Sol Multi-Surface Floor Cleaner, Lavender Clean, 24 Fluid Ounces",WallMart2024.csv
2024-12-12,Pink 5-Piece Hairbrush Set,WallMart2024.csv
2024-12-12,"Pirouline Chocolate Hazelnut Creme Filled Wafer Cookies, 3.5oz Tin. Holiday Gifts.",WallMart2024.csv
2024-04-29,"Pork Center Cut Loin Chops Thin Boneless, 1.0 - 2.5 lb, Tray",WallMart2024.csv
2024-06-20,"Puffs Ultra Soft Facial Tissues, 2 Mega Cube Boxes, 72 Tissues per Box",WallMart2024.csv
2024-09-23,"Q-tips Cotton Swabs, Hygiene Shield, For First Aid, Beauty and Baby, 100% Cotton, 300 Count",WallMart2024.csv
2024-03-30,"REESE'S Milk Chocolate King Size Peanut Butter Eggs, Easter Candy Pack, 2.4 oz",WallMart2024.csv
2024-04-29,"Rice a Roni Rice Pasta Rice Pilaf, 7.2 oz",WallMart2024.csv
2024-03-30,"RITZ Toasted Chips Sour Cream and Onion Crackers, Party Snacks, 8.1 oz",WallMart2024.csv
2024-04-29,"River Road Blackened Seasoning, 4.25 oz Jar",WallMart2024.csv
2024-03-30,"RUSSELL STOVER Easter Solid Milk Chocolate Easter Bunny, 7 oz.",WallMart2024.csv
2024-09-23,"Sara Lee Premium Meats Gluten Free Honey Roasted Turkey Breast, Deli Sliced",WallMart2024.csv
2024-09-23,"Sargento Sliced Baby Swiss Natural Cheese, 11 slices",WallMart2024.csv
2024-12-19,"Scotch Magic Tape Dispenser, Clear, in. x 325 in., 3 Dispensers",WallMart2024.csv
2024-01-27,"Scott 1000 Toilet Paper, 4 Rolls, 1,000 Sheets per Roll",WallMart2024.csv
2024-12-12,"Secret Invisible Solid Antiperspirant and Deodorant Stick, Powder Fresh, 0.5 oz",WallMart2024.csv
2024-03-30,Skittles Gummies Original Gummy Candy - 5.8 oz Bag,WallMart2024.csv
2024-11-21,"Smucker's Squeeze Strawberry Fruit Spread, 20 oz",WallMart2024.csv
2024-04-29,"Smucker's Squeeze Strawberry Fruit Spread, 20 oz",WallMart2024.csv
2024-11-21,"SpaghettiOs Canned Pasta with Meatballs, 15.6 oz Can",WallMart2024.csv
2024-11-21,"SpaghettiOs Super Mario Bros Canned Pasta with Meatballs, 15.6 oz Can",WallMart2024.csv
2024-06-20,"Starbucks Frappuccino White Chocolate Mocha Coffee Drink, 13.7 fl oz.",WallMart2024.csv
2024-05-24,"Stitch Girls Cotton Brief Character Underwear, 7-Pack, Size 4-8",WallMart2024.csv
2024-11-21,Sun-Maid Vanilla Yogurt Covered Raisins 6-Pack/1oz Cartons,WallMart2024.csv
2024-11-21,"Sweet Mini Peppers, Each",WallMart2024.csv
2024-09-23,"Taco Bell Soft Taco Cravings Kit with 10 Soft Tortillas, Taco Bell Mild Sauce & Seasoning, 14.8 oz Box",WallMart2024.csv
2024-12-12,"Thames & Kosmos I Dig It! Dino - Egg Excavation Kit, Stem Science Toy for Elementary School Kids Ages 5+",WallMart2024.csv
2024-02-14,"Thomas' Everything Bagels, 6 count, 10g Protein, Kosher Bagels, 20 oz Bag",WallMart2024.csv
2024-10-17,Time and Tru Women's Faux Leather Mary Jane Flats,WallMart2024.csv
2024-05-24,Vitakraft Menu Premium Guinea Pig Food 4Lb,WallMart2024.csv
2024-01-27,"Way to Celebrate! Bright Stripes Birthday Paper Luncheon Napkins, 6.5in, 16ct",WallMart2024.csv
2024-11-21,"Wheat Thins Original Snacks, Whole Grain Wheat Crackers, Snack Crackers, 8.5 oz",WallMart2024.csv
2024-04-10,"Wheat Thins Original Snacks, Whole Grain Wheat Crackers, Snack Crackers, 8.5 oz",WallMart2024.csv
2024-03-30,"Wheat Thins Original Snacks, Whole Grain Wheat Crackers, Snack Crackers, 8.5 oz",WallMart2024.csv
2024-12-17,Winter Coffee Shop Kcups and Syrups Set,WallMart2024.csv
2024-12-17,Winter Coffee Shop Kcups and Syrups Set,WallMart2024.csv
2024-09-23,"Zatarain's No Artificial Flavors Blackened Chicken Alfredo Frozen Dinner, 10.5 oz Box",WallMart2024.csv
2025-11-09,"Hershey's Milk Chocolate Candy, Bar 1.55 oz",Wallmart2025.csv
2025-06-20,My Sticker Dress-Up: Swifties (Paperback),Wallmart2025.csv
2025-10-27,"Cascade Platinum Dishwasher Pods, Dishwasher Detergent, Dish Detergent Soap, Lemon, 12 Count",Wallmart2025.csv
2025-10-27,"Dawn Platinum Liquid Dish Soap, Dishwashing Liquid, Grease Removal, Fresh Rain, 14.6oz",Wallmart2025.csv
2025-10-27,"Febreze BATH Air Freshener, Odor-Fighting, Ocean Scent, 2 Count",Wallmart2025.csv
2025-10-27,Oxbow Simple Harvest Western Timothy Hay 15oz.,Wallmart2025.csv
2025-10-27,"Vibrant Life Small Animal Bedding, White Paper, 36 L Bag",Wallmart2025.csv
2025-06-27,"Baby Bottle Pop, Twisters, Assorted Fruity Flavors, Chewy Candy, 2.7 oz, Bottle",Wallmart2025.csv
2025-06-27,"Baby Bottle Pop, Twisters, Assorted Fruity Flavors, Chewy Candy, 2.7 oz, Bottle",Wallmart2025.csv
2025-06-25,"bettergoods Chocolate Cake Pops, 5.4 oz",Wallmart2025.csv
2025-06-25,"Crunch Pak Minecraft Sliced Sweet Apples, Fruit Snacks, Turkey Bites, and Cheez-Its, 4.35oz Tray",Wallmart2025.csv
2025-06-25,"DiGiorno Stuffed Crust Cheese, Veggie, and Meat Supreme Pizza, 26.4 oz (Frozen)",Wallmart2025.csv
2025-06-25,"Equate Nighttime Cold & Flu Liquid Medicine, Cough & Cold Medicine, Cherry, 12 fl oz",Wallmart2025.csv
2025-06-25,"Complete Pancake & Waffle Mix, Buttermilk, 32 oz",Wallmart2025.csv
2025-06-25,"- Deep Dish Cheese Pizza with Zesty Tomato Sauce, 2 Count, 11.2oz (Frozen) Allergens: milk, wheat, and soy.",Wallmart2025.csv
2025-06-25,"Fruit Cocktail in Juice, 15 oz",Wallmart2025.csv
2025-06-25,"Kellogg's Froot Loops Cold Breakfast Cereal Cup, Fruit Flavored, Breakfast Snacks with Vitamin C, Original, 1.5oz Cup (1 Cup)",Wallmart2025.csv
2025-06-25,"Kellogg's Frosted Flakes Cold Breakfast Cereal Cup, 8 Vitamins and Minerals, Kids Snacks, Original, 2.1oz Cup (1 Cup)",Wallmart2025.csv
2025-06-25,New Orleans Famous Sno-Balls To Go! CHERRY 16 OZ PINT SNO-BALL,Wallmart2025.csv
2025-06-25,"Pearl Milling Company Butter Light Syrup Dispenser, 24oz, Single Bottle, 24 Servings Per Container",Wallmart2025.csv
2025-06-25,"Post Cocoa PEBBLES Cereal, Chocolatey Kids Cereal, Gluten Free, Crunchy 2.0 oz Individual Cereal Cup",Wallmart2025.csv
2025-06-25,"Sara Lee Premium Meats Gluten Free Honey Roasted Turkey Breast, Deli Sliced",Wallmart2025.csv
2025-11-22,"Blue Runner Creole Cream Style Red Beans, 27 oz Can, Heat and Serve",Wallmart2025.csv
2025-11-22,"Fresh Cauliflower, Each",Wallmart2025.csv
2025-11-22,"Fresh Red Seedless Grapes from California, Bag (2.25 lbs/Bag Est.)",Wallmart2025.csv
2025-11-22,"Gatorade Zero Sports Drinks, Berry/Glacier Cherry/Glacier Freeze Variety Pack, 12 fl oz, 18 Count",Wallmart2025.csv
2025-11-22,"Classic Olive Oil, 17 fl oz",Wallmart2025.csv
2025-11-22,"Large White Eggs, 12 Count",Wallmart2025.csv
2025-11-22,"Light Red Kidney Beans, 15.5 oz",Wallmart2025.csv
2025-11-22,"Vanilla Flavor Wafer Cookies, 8 oz",Wallmart2025.csv
2025-11-22,"Hillshire Farm Smoked Sausage, 14 oz, Fully Cooked",Wallmart2025.csv
2025-11-22,"Kellogg's Cocoa Krispies Breakfast Cereal, Kids Snacks, Family Breakfast, Family Size, Chocolatey Flavor, 19oz Box (1 Box)",Wallmart2025.csv
2025-11-22,"Kraft Original Mac N Cheese Dinner, 7.25 oz Box, Shelf-Stable",Wallmart2025.csv
2025-11-22,"Prima Della Fully Cooked off-the-Bone Ham, Deli Sliced",Wallmart2025.csv
2025-11-22,"Prima Della Oven Roasted Turkey Breast, Deli Sliced",Wallmart2025.csv
2025-11-22,"Tyson White Meat Chicken Nuggets, 29 oz (Frozen, Fully Cooked)",Wallmart2025.csv
2025-09-11,"Baby Bottle Pop, Twisters, Assorted Fruity Flavors, Chewy Candy, 2.7 oz, Bottle",Wallmart2025.csv
2025-09-11,"Gelatin Dessert, Strawberry, 6 oz",Wallmart2025.csv
2025-09-11,"Gelatin Dessert, Strawberry, 6 oz",Wallmart2025.csv
2025-09-11,"Whatchamacallit Chocolate, Caramel and Peanut Flavored Crisps King Size Candy, Bar 2.6 oz",Wallmart2025.csv
2025-11-08,"Bunny Bread Old Fashioned, Enriched Sliced White Bread, 24 oz Loaf",Wallmart2025.csv
2025-02-02,"80% Lean / 20% Fat Ground Beef Chuck, 1 lb Tray, Fresh, All Natural*",Wallmart2025.csv
2025-02-02,"Alani, Winter Wonderland, 12 fl oz, Single Can",Wallmart2025.csv
2025-02-02,"Alani, Winter Wonderland, 12 fl oz, Single Can",Wallmart2025.csv
2025-02-02,"BIC Soleil 4 Women's 4-Blade Disposable Razors, 3 Count",Wallmart2025.csv
2025-02-02,"Cheez-It Original Cheese Crackers, Baked Snack Crackers, 12 Count",Wallmart2025.csv
2025-02-02,"Crest Premium Plus Deep Clean Toothpaste, Foaming Mint, 5.2 oz",Wallmart2025.csv
2025-02-02,"CritterCare Natural Paper Small Pet Bedding, Brown, 27L",Wallmart2025.csv
2025-02-02,"Dial Gold Antibacterial Deodorant Bar Soap, Advanced Clean Deep Cleanse Bar, 4 oz, 4 Bars",Wallmart2025.csv
2025-02-02,"DiGiorno Rising Crust Supreme Meat Pizza with Cheese, Pepperoni, Beef, and Sausage, 29.3 oz (Frozen)",Wallmart2025.csv
2025-02-02,"Equate Blue Mint Antiseptic Mouthwash for Bad Breath & Plaque Oral Care, 500 mL, Compare to Listerine Cool Mint Active Ingredients",Wallmart2025.csv
2025-02-02,"Fresh Banana, Each",Wallmart2025.csv
2025-02-02,"Butter Flavor Flaky Jumbo Biscuits, 8 Count",Wallmart2025.csv
2025-02-02,"Colby Jack Finely Shredded Cheese, 8 oz Bag",Wallmart2025.csv
2025-02-02,"Elbows, 16 oz",Wallmart2025.csv
2025-02-02,"Italian-Style Petite Diced Tomatoes with Basil, Garlic and Oregano, 14.5 oz",Wallmart2025.csv
2025-02-02,"Large White Eggs, 12 Count",Wallmart2025.csv
2025-02-02,"No Sugar Added Fruit Cocktail in Water, 14.5 oz",Wallmart2025.csv
2025-02-02,"No Sugar Added Fruit Cocktail in Water, 14.5 oz",Wallmart2025.csv
2025-02-02,"No Sugar Added Fruit Cocktail in Water, 14.5 oz",Wallmart2025.csv
2025-02-02,"Original Ricotta Cheese, 15 oz Tub",Wallmart2025.csv
2025-02-02,"Strawberry Lemonade, 16 fl oz",Wallmart2025.csv
2025-02-02,"Tomato Basil Garlic Pasta Sauce, 24 oz",Wallmart2025.csv
2025-02-02,"Guidry's Creole Seasoning, 16 oz",Wallmart2025.csv
2025-02-02,"Irish Spring Original Deodorant Bar Soap for Men, With Flaxseed Oil, 3.7 oz Bar (4 Pack)",Wallmart2025.csv
2025-02-02,"Jif Creamy Peanut Butter, 16-Ounce Jar",Wallmart2025.csv
2025-02-02,"Marketside Iced Lemon Sliced Loaf Cake, 14.1 oz, 8 Count",Wallmart2025.csv
2025-02-02,"Philadelphia No Bake Original Cheesecake Filling, 24.3 oz Tub",Wallmart2025.csv
2025-02-02,"Slim Jim Smoked Meat Sticks, Mild Flavor, 6g Protein Per Serving, Snack Size, Stocking Stuffer, 0.28 oz. (14 Count)",Wallmart2025.csv
2025-02-02,Sun-Maid Strawberry & Vanilla Yogurt Covered Raisins 6-Pack/1oz Cartons,Wallmart2025.csv
2025-02-02,"Temptations Classic Seafood Medley Flavor Crunchy And Soft Treats For Cats, 3 Oz Pouch",Wallmart2025.csv
2025-10-17,Cheetos Puffs Cheese Flavored Snacks 2.5 Ounce Bag,Wallmart2025.csv
2025-10-17,"Whatchamacallit Chocolate, Caramel and Peanut Flavored Crisps King Size Candy, Bar 2.6 oz",Wallmart2025.csv
2025-01-07,"Cirkul GoSip Berry Blue Punch Flavor Cartridge, Drink Mix, 1-Pack",Wallmart2025.csv
2025-01-07,"Disney's Stitch Valentine' s Day Exchange Cards, Paper, Jumbo Stickers, Multi-Colored, 16 Count",Wallmart2025.csv
2025-01-07,"Disney's Stitch Valentine' s Day Exchange Cards, Paper, Jumbo Stickers, Multi-Colored, 16 Count",Wallmart2025.csv
2025-01-07,Hallmark 12-Pack Valentine's Day Plastic Goodie Bags (Bright Stripes),Wallmart2025.csv
2025-01-07,"HERSHEY'S KISSES Milk Chocolate, Valentine's, Candy Bag, 10.1 oz",Wallmart2025.csv
2025-01-07,"Hi Peach Layne Holiday 2024 World's Largest Bath Bomb Bar, One in a Melon Scent, 3.57 lbs",Wallmart2025.csv
2025-01-07,"Lay's Classic Potato Chips Snack Chips, 1 Ounce Bag",Wallmart2025.csv
2025-01-07,"My Life As Laundry Room Play Set for 18"" Dolls, 6 Pieces Included",Wallmart2025.csv
2025-01-07,"Nutella Hazelnut Spread with Cocoa, 1 oz Mini Glass Holiday Jar",Wallmart2025.csv
2025-01-07,Silicone Lined Oven Glove,Wallmart2025.csv
2025-01-07,"Twix Caramel Cookie Milk Chocolate Candy Bars, Full Size - 1.79 oz Pack",Wallmart2025.csv
2025-01-07,"Valentine's Day Red Paper Shred, 1.25 oz, by Way To Celebrate",Wallmart2025.csv
2025-01-07,"Valentine's Day Red Paper Shred, 1.25 oz, by Way To Celebrate",Wallmart2025.csv
2025-01-07,"Your Zone 48"" x 20"" Ribbed Body Pillow with Removable Cover, Pink",Wallmart2025.csv
2025-09-05,"Dove Conditioner for Women Anti Frizz & Smooth with Bio-Protein Care Technology and Shea Butter, 18 fl oz",Wallmart2025.csv
2025-09-05,"Dove Shampoo for Women Anti Frizz & Smooth with Bio-Protein Care Technology and Shea Butter, 18 fl oz",Wallmart2025.csv
2025-07-10,"Alani, Cosmic Stardust, 12 fl oz, Single Can",Wallmart2025.csv
2025-07-10,Chobani Flip Low-Fat Greek Yogurt Chocolate Chip Cookie Dough 4.5 oz Cup,Wallmart2025.csv
2025-07-10,Chobani Flip Low-Fat Greek Yogurt Chocolate Chip Cookie Dough 4.5 oz Cup,Wallmart2025.csv
2025-07-10,Chobani Flip Low-Fat Greek Yogurt Chocolate Chip Cookie Dough 4.5 oz Cup,Wallmart2025.csv
2025-07-10,Chobani Flip Low-Fat Greek Yogurt Cookies and Cream 4.5 oz Cup,Wallmart2025.csv
2025-07-10,"Equate Nighttime Cold & Flu Liquid Medicine, Cough & Cold Medicine, Cherry, 12 fl oz",Wallmart2025.csv
2025-07-10,"Gain Ultra Oxi Liquid Laundry Detergent, Waterfall Delight Scent, 88 fl oz, 61 Loads",Wallmart2025.csv
2025-07-10,"Kraft Singles American Slices, 16 ct Pack",Wallmart2025.csv
2025-07-10,"Lysol All Purpose Spray Cleaner for Sanitizing and Disinfecting, Lemon, 32 oz, 2 pack",Wallmart2025.csv
2025-07-10,"Nongshim Tonkotsu Spicy Pork & Black Garlic Ramyun Premium Ramen Noodle Soup Bowl, 3.6oz X 1 Count, Shelf-Stable",Wallmart2025.csv
2025-07-10,"Nongshim Tonkotsu Spicy Pork & Black Garlic Ramyun Premium Ramen Noodle Soup Bowl, 3.6oz X 1 Count, Shelf-Stable",Wallmart2025.csv
2025-07-10,Vibrant Life 24L Cedar Wood Pet Bedding,Wallmart2025.csv
2025-03-31,"Revlon ColorSilk Permanent Hair Color, Bond Repair Complex, 55 Light Reddish Brown, 1 pack",Wallmart2025.csv
2025-07-02,"Colgate Total Active Prevention Travel Whitening Toothpaste, Mint, 1.4 oz",Wallmart2025.csv
2025-07-02,"Crest Scope Outlast Mouthwash, Fresh Mint, 100mL, 3.3 fl oz",Wallmart2025.csv
2025-07-02,"Dial Spring Water Body Wash, Refresh & Renew, Gentle on All Skin Types, 3 fl oz",Wallmart2025.csv
2025-07-02,"Equate No Drip Severe Congestion Nasal Mist Oxymetazoline HCl 0.05% Decongestant, 12 Hour Relief, 1 fl oz, Compare to Afrin",Wallmart2025.csv
2025-07-02,"Equate Sport Sunscreen Spray SPF 50, 9.1 oz",Wallmart2025.csv
2025-07-02,"Herbal Essences Rose Hips Smooth Conditioner, Travel Size, 3.38 fl oz",Wallmart2025.csv
2025-07-02,"Herbal Essences Rose Hips Smooth Shampoo, All Hair Types, 3.38 fl oz Travel Size",Wallmart2025.csv
2025-07-02,"Monster Energy, Zero Ultra, Sugar Free Energy Drink, 16 Fl Oz",Wallmart2025.csv
2025-07-02,"Pringles Original Potato Crisps Chips, Lunch Snacks, 2.3 oz Canister",Wallmart2025.csv
2025-07-02,"Pringles Original Potato Crisps Chips, Lunch Snacks, 2.3 oz Canister",Wallmart2025.csv
2025-07-02,"Suave Professionals Micellar Infusion 2-in-1 Shampoo & Conditioner, Moisturizing, All Hair Types, 28 fl oz",Wallmart2025.csv
2025-06-29,"Coca-Cola Zero Sugar Soda Pop, 20 fl oz Bottle",Wallmart2025.csv
2025-06-29,"Fresh Personal Watermelon, Each",Wallmart2025.csv
2025-06-29,"M&M'S Milk Chocolate Candy Pouch, Sharing Size, 3.14 oz",Wallmart2025.csv
2025-06-29,"Milky Way Candy Milk Chocolate Bar, Share Size - 3.63 oz",Wallmart2025.csv
2025-04-24,"Equate Sport Broad Spectrum Sunscreen Spray, SPF 50, 5.5 oz",Wallmart2025.csv
2025-04-24,Expert Gardener 8-Pattern Rear Trigger Watering Nozzle,Wallmart2025.csv
2025-04-24,"Gain Ultra Oxi Liquid Laundry Detergent, Waterfall Delight Scent, 88 fl oz, 61 Loads",Wallmart2025.csv
2025-04-24,"OxiClean Odor Blasters Odor and Laundry Stain Remover Liquid, 40.5 fl oz",Wallmart2025.csv
2025-04-24,"Revlon ColorSilk Permanent Hair Color, Bond Repair Complex, 55 Light Reddish Brown, 1 pack",Wallmart2025.csv
2025-08-04,"Equate Moisturizing Hand Sanitizer, 32 oz",Wallmart2025.csv
2025-08-04,Hello Hobby Chenille M Pink Patch,Wallmart2025.csv
2025-08-04,Lysol Disinfecting Wipes - (1 Lemon + 1 Brand New Day Mango & Hibiscus + 1 Crisp Linen) 4/(3x35) count,Wallmart2025.csv
2025-08-04,"Vibrant Life Pine Wood Pet Bedding for Small Pets & Chickens, 24 L Bag",Wallmart2025.csv
2025-10-26,"Equate Elastics, Assorted Colors, for Ponytail, Braids, or Buns (72 Count)",Wallmart2025.csv
2025-10-26,"Hello Hobby Large Black and White Plastic Wiggly Eyes, 12-Pack",Wallmart2025.csv
2025-11-13,"Dr Teal's Body Wash Relax and Relief with Eucalyptus Spearmint, 24 fl oz",Wallmart2025.csv
2025-11-13,"Equate Children's Multi-Symptom Cold Liquid, Very Berry Flavor, Ages 4 to 12 Years, 4 fl oz, Compare to Children's Mucinex Multi-Symptom Cold Active Ingredients",Wallmart2025.csv
2025-11-13,"Softsoap Limited Edition Liquid Hand Soap, Red Apple Scent, 6.25 fl oz Pump Bottle",Wallmart2025.csv
2025-11-10,"93% Lean / 7% Fat Lean Ground Beef, 1 lb Tray, Fresh, All Natural*",Wallmart2025.csv
2025-11-10,"Daisy Pure and Natural Light Sour Cream, 50% Less Fat, 8 oz Tub (Refrigerated)",Wallmart2025.csv
2025-11-10,"Fresh Whole Sweet Onion, Each",Wallmart2025.csv
2025-11-10,"Au Jus Gravy Mix, 1 oz",Wallmart2025.csv
2025-11-10,"Reduced Sodium Brown Gravy Mix, 0.87 oz",Wallmart2025.csv
2025-11-10,"Jimmy Dean Pancake & Sausage on a Stick, 12.5 oz, 5 Count (Frozen)",Wallmart2025.csv
2025-11-10,"Russet Baking Potatoes Whole Fresh, Each",Wallmart2025.csv
2025-01-18,"Bestway Tritech Air Mattress Queen 12"" with Built-in AC Pump",Wallmart2025.csv
2025-01-18,"HARIBO Gummy Candy, Fruity Watermelon Gummies, 6.3 oz, Share Size Bag",Wallmart2025.csv
2025-01-18,"Irish Spring Original Moisturizing Body Wash for Men, 24-Hour Fresh, Face and Body Wash, Mens Body Wash, Biodegradable Ingredients, Paraben Free, Cool Fresh Scent, 20 fl oz Bottle",Wallmart2025.csv
2025-01-18,"M&M'S Milk Chocolate Candy Pouch, Sharing Size, 3.14 oz",Wallmart2025.csv
2025-01-18,"Nutella & Go! Hazelnut Spread with Breadsticks, On-the-Go Snack Cups, Snack Packs, 1.8 oz",Wallmart2025.csv
2025-01-18,"Nutella & Go! Hazelnut Spread with Breadsticks, On-the-Go Snack Cups, Snack Packs, 1.8 oz",Wallmart2025.csv
2025-01-18,"Snickers NFL Football Chocolate Candy Bar, Full Size - 1.86 oz Bar (Packaging May Vary)",Wallmart2025.csv
2025-01-18,"Tree Hut Pink Hibiscus Shea Butter Sugar Body Scrub, 18 oz",Wallmart2025.csv
2025-02-13,Elmer Chocolate Assorted Chocolate Social Media Super Emoji Heart 2oz 5 Pieces,Wallmart2025.csv
2025-02-13,"HERSHEY'S KISSES Milk Chocolate Snoopy and Friends, Valentine's, Candy Bag, 9.5 oz",Wallmart2025.csv
2025-02-13,"Kit Kat Miniatures Milk Chocolate Wafer Valentine's Candy, Gift Box 6.4 oz",Wallmart2025.csv
2025-02-13,"M&M'S Valentines Day Milk Chocolate Candies, MINIS Candy Valentine Tube - 1.77oz",Wallmart2025.csv
2025-02-13,"REESE'S Milk Chocolate Peanut Butter Egg, Easter Candy Pack, 1.2 oz",Wallmart2025.csv
2025-02-13,"Rice Krispies Treats Original with Holiday Sprinkles Chewy Mini Marshmallow Cereal Bars, Kids Snacks, 12.4 oz, 32 Count",Wallmart2025.csv
2025-02-13,"RM Palmer Cuddly Cuties Frog Milk Chocolate, 2.5oz Individual Bar",Wallmart2025.csv
2025-09-13,"80% Lean / 20% Fat Ground Beef Chuck, 2.25 lb Tray, Fresh, All Natural*",Wallmart2025.csv
2025-09-13,Dean's French Onion Dip 8 oz,Wallmart2025.csv
2025-09-13,"Fresh Green and Vibrant Cilantro, Bunch",Wallmart2025.csv
2025-09-13,"Fresh Roma Tomato, Each",Wallmart2025.csv
2025-09-13,Fresh Sweet Corn on the Cob (1 each),Wallmart2025.csv
2025-09-13,"Fresh Whole Carrots, 1 lb Bag",Wallmart2025.csv
2025-09-13,"All Natural Sour Cream, 8 oz",Wallmart2025.csv
2025-09-13,"Colby Jack Finely Shredded Cheese, 8 oz Bag",Wallmart2025.csv
2025-09-13,"Fat-Free Milk Gallon, Plastic, Jug, 128 fl oz",Wallmart2025.csv
2025-09-13,"Garlic Powder, 3.4 oz",Wallmart2025.csv
2025-09-13,"Hamburger Buns, 11 oz, 8 Count",Wallmart2025.csv
2025-09-13,"Hickory Smoked Lower Sodium Bacon, 16 oz",Wallmart2025.csv
2025-09-13,"Italian-Style Petite Diced Tomatoes with Basil, Garlic and Oregano, 14.5 oz",Wallmart2025.csv
2025-09-13,"Medium Soft Taco Flour Tortillas, 17.5 oz Bag, 10 Count (Shelf Stable)",Wallmart2025.csv
2025-09-13,"Mushroom Pasta Sauce, 24 oz",Wallmart2025.csv
2025-09-13,"Neapolitan Ice Cream Sandwiches, 42 fl oz, 12 Pack",Wallmart2025.csv
2025-09-13,"Sliced Black Olives, 2.25 oz",Wallmart2025.csv
2025-09-13,"White Sandwich Bread, 20 oz",Wallmart2025.csv
2025-09-13,"Healthy Choice Caf Steamers Chicken Margherita With Balsamic, Frozen Meal, 9.5 oz. Bowl",Wallmart2025.csv
2025-09-13,"Healthy Choice Caf Steamers Sweet Sesame Chicken, Frozen Meal, 9.75 oz. Bowl",Wallmart2025.csv
2025-09-13,"International Delight Caramel Macchiato Cold Foam Coffee Creamer, 14 oz Can",Wallmart2025.csv
2025-09-13,"Lay's Wavy Potato Chips, Original Flavor, 7.75 oz Bag",Wallmart2025.csv
2025-09-13,"Nestle Coffee Mate Non Dairy Zero Sugar Italian Sweet Creme Liquid Coffee Creamer Sugar Free, 32 fl oz Bottle",Wallmart2025.csv
2025-09-13,"Oikos Pro 20g Protein, Strawberry Yogurt-Cultured Dairy Product, 5.3 oz",Wallmart2025.csv
2025-09-13,"Oikos Triple Zero 15g Protein, 0g Added Sugar, Fat Free Lemon Tart Greek Yogurt Cup, 5.3 oz",Wallmart2025.csv
2025-09-13,"Oikos Triple Zero 15g Protein, 0g Added Sugar, Fat Free Vanilla Greek Yogurt Cup, 5.3 oz",Wallmart2025.csv
2025-09-13,"Pasta Roni Butter & Garlic Angel Hair Pasta, 4.7 oz Box",Wallmart2025.csv
2025-09-13,"Pictsweet Farms Steam'ables Edamame with Sea Salt, Farm Favorites, Frozen Vegetables, 10 oz.",Wallmart2025.csv
2025-09-13,"Pictsweet Farms Steam'ables Edamame with Sea Salt, Farm Favorites, Frozen Vegetables, 10 oz.",Wallmart2025.csv
2025-09-13,"Pumpkin Squishy Toy, Orange, 2.5"", Halloween by Way To Celebrate",Wallmart2025.csv
2025-09-13,"Ratio Protein Yogurt Cultured Dairy Snack, Strawberry Cheesecake, 25g Protein, 5.3 oz",Wallmart2025.csv
2025-09-13,"RITZ Fresh Stacks Original Crackers, Travel Snacks, 11.8 oz (8 Multi Snack Packs)",Wallmart2025.csv
2025-09-13,"Sanderson Farms Fresh Chicken Thighs, Family Pack, 22g Protein, 4oz 112g, 4.6 - 6.0 lb",Wallmart2025.csv
2025-09-13,"Sara Lee Premium Meats Gluten Free Honey Roasted Turkey Breast, Deli Sliced",Wallmart2025.csv
2025-09-13,"Squishmallow Girls Cotton Brief Character Underwear, 7-Pack, Size 4-8",Wallmart2025.csv
2025-06-04,"BAND-AID Brand Bandages for Kids, Disney Characters, Assorted, 20 Count",Wallmart2025.csv
2025-06-04,Cheetos Puffs Cheese Flavored Snacks 2.5 Ounce Bag,Wallmart2025.csv
2025-06-04,"Coca-Cola Zero Sugar Soda Pop, 20 fl oz Bottle",Wallmart2025.csv
2025-06-04,"Dial Gold Antibacterial Deodorant Bar Soap, Advanced Clean Deep Cleanse Bar, 4 oz, 12 Bars",Wallmart2025.csv
2025-06-04,"Dial Gold Antibacterial Deodorant Bar Soap, Advanced Clean Deep Cleanse Bar, 4 oz, 12 Bars",Wallmart2025.csv
2025-06-04,"Equate Men's 5 Blade Refills, Cartridges Fit Equate 5 Blade & Gillette Fusion Handles (4 Count)",Wallmart2025.csv
2025-06-04,"Gain Ultra Oxi Liquid Laundry Detergent, Waterfall Delight Scent, 88 fl oz, 61 Loads",Wallmart2025.csv
2025-06-04,"Original Syrup, 24 oz",Wallmart2025.csv
2025-06-04,"Reduced Calorie Sugar Free Syrup, 24 fl oz",Wallmart2025.csv
2025-06-04,"Tropicana Pure Premium 100% Orange Juice Original, No Pulp, Low Acid, 46 fl oz bottle",Wallmart2025.csv
2025-06-04,"Tropicana Twister Fruit Punch Flavored Juice Drink, Pulp-Free, 59 oz Carton",Wallmart2025.csv
2025-09-08,"Cat's Pride Scented Scoopable Cat Litter, 12 lb Jug",Wallmart2025.csv
2025-09-08,"Vibrant Life Small Animal Bedding, White Paper, 36 L Bag",Wallmart2025.csv
2025-10-09,"Vibrant Life Pine Wood Pet Bedding for Small Pets & Chickens, 24 L Bag",Wallmart2025.csv
2025-03-02,"Best Party Ever Edible Glitter Confetti Popper, Cake Topper, Blue 2 Pack, 3.5 Inches Wide",Wallmart2025.csv
2025-03-02,Disney Lilo & Stitch Girls Comfort Slide Sandals,Wallmart2025.csv
2025-03-02,"Glow Necklaces, Multicolored, 4 Count, by Way To Celebrate",Wallmart2025.csv
2025-03-02,"Kinder Bueno Milk Chocolate and Hazelnut Cream, 2 Individually Wrapped Chocolate Bars, 1.5 oz",Wallmart2025.csv
2025-03-02,Multicolor Foil Fringe Door Curtain Hanging Decoration 8' x 3' by Way to Celebrate,Wallmart2025.csv
2025-03-02,"Multi-Color Happy Birthday Pattern Yard Sign Set, by Way To Celebrate",Wallmart2025.csv
2025-03-02,Way To Celebrate Multi-Color Birthday Ribbon - Great Way to Celebrate a Girl's Birthday!,Wallmart2025.csv
2025-03-02,"WOW String 2.5oz, Royal Blue",Wallmart2025.csv
2025-06-20,"George Men's & Big Men's Cargo E-Board Shorts, 9"" Inseam, Size S-3XL",Wallmart2025.csv
2025-06-20,"Kinder Bueno Milk Chocolate and Hazelnut Cream, 2 Individually Wrapped Chocolate Bars, 1.5 oz",Wallmart2025.csv
2025-06-20,"Kit Kat Milk Chocolate Wafer King Size Candy, Bar 3 oz",Wallmart2025.csv
